First Name,Last Name,Mailing Address,Mailing City,Mailing State,Mailing Zip,Property Address,Property City,Property State,Property Zip,List Type,Document Type,Date Filed,Document Number,Amount/Debt Owed,Seller Score,Motivated Seller Flags,Source,Public Records URL
Joseph,Rupeika,9220 GERONA ST,SPRING HILL,FL,34608-5630,9220 GERONA ST,SPRING HILL,FL,34608,Lis Pendens,LIS PENDENS,08/28/2026,2026058074,,45,Foreclosure,Hernando County Clerk / Property Appraiser,https://or.hernandoclerk.com/LandmarkWeb/Document/Index?id=3516393
Felicia,Jones,1031 LA BAMBA CT,SPRING HILL,FL,34608-8447,1031 LA BAMBA CT,SPRING HILL,FL,34608,Lis Pendens,LIS PENDENS,08/28/2026,2026058171,,55,Foreclosure; LLC / corp owner,Hernando County Clerk / Property Appraiser,https://or.hernandoclerk.com/LandmarkWeb/Document/Index?id=3516516
Rigo,Santana,235 W 61ST ST APT 1A,NEW YORK,NY,10023,1339 OVERLAND DR,SPRING HILL,FL,34608,Lis Pendens,LIS PENDENS1,08/28/2026,2026058425,,55,Foreclosure; LLC / corp owner,Hernando County Clerk / Property Appraiser,https://or.hernandoclerk.com/LandmarkWeb/Document/Index?id=3515253
Kenneth R Sr,Arnold,33396 PLEASANT LN,DADE CITY,FL,33523-9064,0 PLEASANT LN,DADE CITY,FL,33523,Lis Pendens,LIS PENDENS,08/31/2026,2026058537,,45,Foreclosure,Hernando County Clerk / Property Appraiser,https://or.hernandoclerk.com/LandmarkWeb/Document/Index?id=3516993
Linda,Musick,15425 SONORA DR,BROOKSVILLE,FL,34604-0644,15425 SONORA DR,BROOKSVILLE,FL,34604,Lis Pendens,LIS PENDENS,08/31/2026,2026058790,,45,Foreclosure,Hernando County Clerk / Property Appraiser,https://or.hernandoclerk.com/LandmarkWeb/Document/Index?id=3517346
Vincent P Jr Et Al,Mckiernan,35058 SMOKETREE LN,DADE CITY,FL,33523-9404,35058 SMOKETREE LN,DADE CITY,FL,33523,Lis Pendens,LIS PENDENS,08/31/2026,2026058791,,45,Foreclosure,Hernando County Clerk / Property Appraiser,https://or.hernandoclerk.com/LandmarkWeb/Document/Index?id=3517347
Lynette Et Al,Dinova,35122 WHISPERING OAKS BLVD,DADE CITY,FL,33523,35122 WHISPERING OAKS BLVD,DADE CITY,FL,33523,Lis Pendens,LIS PENDENS,08/31/2026,2026058792,,45,Foreclosure,Hernando County Clerk / Property Appraiser,https://or.hernandoclerk.com/LandmarkWeb/Document/Index?id=3517348
Donald Eugene,Eilander,7226 MILLSTONE ST,SPRING HILL,FL,34606-6239,7226 MILLSTONE ST,SPRING HILL,FL,34606,Lis Pendens,LIS PENDENS,09/10/2026,2026060801,,45,Foreclosure,Hernando County Clerk / Property Appraiser,https://or.hernandoclerk.com/LandmarkWeb/Document/Index?id=3519896
Robert Allen Jr,Ashworth,9297 ANGORA ST,SPRING HILL,FL,34608-4751,9297 ANGORA ST,SPRING HILL,FL,34608,Lis Pendens,LIS PENDENS,09/10/2026,2026060802,,45,Foreclosure,Hernando County Clerk / Property Appraiser,https://or.hernandoclerk.com/LandmarkWeb/Document/Index?id=3519897
Elvis E,Brumbalow,6645 FREEPORT DR,SPRING HILL,FL,34608-1212,6645 FREEPORT DR,SPRING HILL,FL,34608,Lis Pendens,LIS PENDENS,09/10/2026,2026060803,,45,Foreclosure,Hernando County Clerk / Property Appraiser,https://or.hernandoclerk.com/LandmarkWeb/Document/Index?id=3519898
Alain Gallardo,Adriano,,,,,,,FL,,Lis Pendens,LIS PENDENS,09/10/2026,2026060804,,40,Foreclosure,Hernando County Clerk / Property Appraiser,https://or.hernandoclerk.com/LandmarkWeb/Document/Index?id=3519899
Mark C,Colling,4467 EDENROCK PL,SPRING HILL,FL,34609-0626,4467 EDENROCK PL,SPRING HILL,FL,34609,Lis Pendens,LIS PENDENS,09/10/2026,2026060809,,55,Foreclosure; LLC / corp owner,Hernando County Clerk / Property Appraiser,https://or.hernandoclerk.com/LandmarkWeb/Document/Index?id=3519904
Samuel Bermudes,Machado,,,,,,,FL,,Lis Pendens,LIS PENDENS,09/10/2026,2026060825,,50,Foreclosure; LLC / corp owner,Hernando County Clerk / Property Appraiser,https://or.hernandoclerk.com/LandmarkWeb/Document/Index?id=3519928
Nicasio Jose Vegas,Acevedo,,,,,,,FL,,Lis Pendens,LIS PENDENS,09/10/2026,2026060826,,50,Foreclosure; LLC / corp owner,Hernando County Clerk / Property Appraiser,https://or.hernandoclerk.com/LandmarkWeb/Document/Index?id=3519929
Meladee B,Johnson,5284 SPRINGWOOD RD,SPRING HILL,FL,34609-1642,5284 SPRINGWOOD RD,SPRING HILL,FL,34609,Lis Pendens,LIS PENDENS,09/10/2026,2026060833,,45,Foreclosure,Hernando County Clerk / Property Appraiser,https://or.hernandoclerk.com/LandmarkWeb/Document/Index?id=3519936
Axel,Cruz,1072 NODDING SHADE DR,BROOKSVILLE,FL,34604-1435,1072 NODDING SHADE DR,BROOKSVILLE,FL,34604,Lis Pendens,LIS PENDENS,09/10/2026,2026060834,,45,Foreclosure,Hernando County Clerk / Property Appraiser,https://or.hernandoclerk.com/LandmarkWeb/Document/Index?id=3519937
William W,Ware,15572 SWORD LILY PL,BROOKSVILLE,FL,34604,15572 SWORD LILY PL,BROOKSVILLE,FL,34604,Lis Pendens,LIS PENDENS,09/10/2026,2026060835,,45,Foreclosure,Hernando County Clerk / Property Appraiser,https://or.hernandoclerk.com/LandmarkWeb/Document/Index?id=3519938
Patrick,Carlson,2232 MEREDITH DR,SPRING HILL,FL,34608-4721,2232 MEREDITH DR,SPRING HILL,FL,34608,Lis Pendens,LIS PENDENS,09/10/2026,2026060839,,45,Foreclosure,Hernando County Clerk / Property Appraiser,https://or.hernandoclerk.com/LandmarkWeb/Document/Index?id=3519942
Thomas G,Govin,2022 PARKER AVE,SPRING HILL,FL,34606-3951,2022 PARKER AVE,SPRING HILL,FL,34606,Lis Pendens,LIS PENDENS,09/10/2026,2026060943,,55,Foreclosure; LLC / corp owner,Hernando County Clerk / Property Appraiser,https://or.hernandoclerk.com/LandmarkWeb/Document/Index?id=3520064
Michael,Ryan,2500 LEMA DR,SPRING HILL,FL,34609-3521,2500 LEMA DR,SPRING HILL,FL,34609,Lis Pendens,LIS PENDENS,09/10/2026,2026060944,,45,Foreclosure,Hernando County Clerk / Property Appraiser,https://or.hernandoclerk.com/LandmarkWeb/Document/Index?id=3520065
Gabriella Sanvenero,Espinosa,,,,,,,FL,,Lis Pendens,LIS PENDENS,09/10/2026,2026060945,,40,Foreclosure,Hernando County Clerk / Property Appraiser,https://or.hernandoclerk.com/LandmarkWeb/Document/Index?id=3520066
Shaylor Ellis,Cox,18046 MACASSAR RD,WEEKI WACHEE,FL,34614-0424,18046 MACASSAR RD,WEEKI WACHEE,FL,34614,Lis Pendens,LIS PENDENS,09/10/2026,2026061048,,45,Foreclosure,Hernando County Clerk / Property Appraiser,https://or.hernandoclerk.com/LandmarkWeb/Document/Index?id=3520213
Donald Lee,Elsworth,7374 HIAWATHA PKWY,SPRING HILL,FL,34606-2543,7374 HIAWATHA PKWY,SPRING HILL,FL,34606,Lis Pendens,LIS PENDENS,09/10/2026,2026061049,,55,Foreclosure; LLC / corp owner,Hernando County Clerk / Property Appraiser,https://or.hernandoclerk.com/LandmarkWeb/Document/Index?id=3520214
John Anthony Jr,Irizarry,3167 DOTHAN AVE,SPRING HILL,FL,34609-3118,3167 DOTHAN AVE,SPRING HILL,FL,34609,Lis Pendens,LIS PENDENS,09/10/2026,2026061050,,45,Foreclosure,Hernando County Clerk / Property Appraiser,https://or.hernandoclerk.com/LandmarkWeb/Document/Index?id=3520215
Dallas Christopher,Osman,6400 AMELIA LN,DADE CITY,FL,33523-9003,6400 AMELIA LN,DADE CITY,FL,33523,Lis Pendens,LIS PENDENS,09/10/2026,2026061070,,45,Foreclosure,Hernando County Clerk / Property Appraiser,https://or.hernandoclerk.com/LandmarkWeb/Document/Index?id=3520271
,Albino Line Capital Investments Llc,7901 4TH ST N STE 300,ST PETERSBURG,FL,33702-4399,6077 ALDERWOOD ST,SPRING HILL,FL,34606,Lis Pendens,LIS PENDENS,09/10/2026,2026061071,,55,Foreclosure; LLC / corp owner,Hernando County Clerk / Property Appraiser,https://or.hernandoclerk.com/LandmarkWeb/Document/Index?id=3520272
Danielle Jacqueline,Acosta,125 FAIRMONT DR,SPRING HILL,FL,34609-2027,125 FAIRMONT DR,SPRING HILL,FL,34609,Lis Pendens,LIS PENDENS,09/10/2026,2026061072,,55,Foreclosure; LLC / corp owner,Hernando County Clerk / Property Appraiser,https://or.hernandoclerk.com/LandmarkWeb/Document/Index?id=3520273
Maurice,Stuart,15304 DURANGO CIR,BROOKSVILLE,FL,34604-5011,15304 DURANGO CIR,BROOKSVILLE,FL,34604,Lis Pendens,LIS PENDENS,09/10/2026,2026061140,,45,Foreclosure,Hernando County Clerk / Property Appraiser,https://or.hernandoclerk.com/LandmarkWeb/Document/Index?id=3520337
Mark C,Colling,4467 EDENROCK PL,SPRING HILL,FL,34609-0626,4467 EDENROCK PL,SPRING HILL,FL,34609,Lis Pendens,LIS PENDENS5,09/14/2026,2026061999,,55,Foreclosure; LLC / corp owner,Hernando County Clerk / Property Appraiser,https://or.hernandoclerk.com/LandmarkWeb/Document/Index?id=3519878
Christian,Rivera,2153 LINWOOD AVE,SPRING HILL,FL,34608-4954,2153 LINWOOD AVE,SPRING HILL,FL,34608,Lis Pendens,LIS PENDENS,09/14/2026,2026062160,,55,Foreclosure; LLC / corp owner,Hernando County Clerk / Property Appraiser,https://or.hernandoclerk.com/LandmarkWeb/Document/Index?id=3521162
Debora A,Pratz,11049 CRANSTON ST,SPRING HILL,FL,34608,11049 CRANSTON ST,SPRING HILL,FL,34608,Lis Pendens,LIS PENDENS,09/14/2026,2026062161,,55,Foreclosure; LLC / corp owner,Hernando County Clerk / Property Appraiser,https://or.hernandoclerk.com/LandmarkWeb/Document/Index?id=3521163
Marina,Myers,10416 GOLFERS WAY,SPRING HILL,FL,34608-8482,10416 GOLFERS WAY,SPRING HILL,FL,34608,Lis Pendens,LIS PENDENS,09/16/2026,2026062575,,45,Foreclosure,Hernando County Clerk / Property Appraiser,https://or.hernandoclerk.com/LandmarkWeb/Document/Index?id=3521700
,,,,,,,,FL,,Lis Pendens,LIS PENDENS,09/17/2026,2026063161,,40,Foreclosure,Hernando County Clerk / Property Appraiser,https://or.hernandoclerk.com/LandmarkWeb/Document/Index?id=3522282
,,,,,,,,FL,,Lis Pendens,LIS PENDENS,09/17/2026,2026063175,,40,Foreclosure,Hernando County Clerk / Property Appraiser,https://or.hernandoclerk.com/LandmarkWeb/Document/Index?id=3522296
,,,,,,,,FL,,Lis Pendens,LIS PENDENS,09/23/2026,2026063817,,55,Foreclosure; New this week,Hernando County Clerk / Property Appraiser,https://or.hernandoclerk.com/LandmarkWeb/Document/Index?id=3523515
,,,,,,,,FL,,Lis Pendens,LIS PENDENS,09/23/2026,2026063818,,55,Foreclosure; New this week,Hernando County Clerk / Property Appraiser,https://or.hernandoclerk.com/LandmarkWeb/Document/Index?id=3523516
,,,,,,,,FL,,Lis Pendens,LIS PENDENS,09/23/2026,2026063819,,55,Foreclosure; New this week,Hernando County Clerk / Property Appraiser,https://or.hernandoclerk.com/LandmarkWeb/Document/Index?id=3523517
,,,,,,,,FL,,Lis Pendens,LIS PENDENS,09/23/2026,2026063820,,55,Foreclosure; New this week,Hernando County Clerk / Property Appraiser,https://or.hernandoclerk.com/LandmarkWeb/Document/Index?id=3523518
,,,,,,,,FL,,Lis Pendens,LIS PENDENS,09/23/2026,2026063821,,55,Foreclosure; New this week,Hernando County Clerk / Property Appraiser,https://or.hernandoclerk.com/LandmarkWeb/Document/Index?id=3523519
,,,,,,,,FL,,Lis Pendens,LIS PENDENS,09/23/2026,2026063822,,55,Foreclosure; New this week,Hernando County Clerk / Property Appraiser,https://or.hernandoclerk.com/LandmarkWeb/Document/Index?id=3523520
,,,,,,,,FL,,Lis Pendens,LIS PENDENS,09/23/2026,2026063823,,55,Foreclosure; New this week,Hernando County Clerk / Property Appraiser,https://or.hernandoclerk.com/LandmarkWeb/Document/Index?id=3523521
,,,,,,,,FL,,Lis Pendens,LIS PENDENS1,09/24/2026,2026064477,,55,Foreclosure; New this week,Hernando County Clerk / Property Appraiser,https://or.hernandoclerk.com/LandmarkWeb/Document/Index?id=3522879
,,,,,,,,FL,,Lis Pendens,LIS PENDENS,09/24/2026,2026064559,,55,Foreclosure; New this week,Hernando County Clerk / Property Appraiser,https://or.hernandoclerk.com/LandmarkWeb/Document/Index?id=3524209
,,,,,,,,FL,,Lis Pendens,LIS PENDENS,09/24/2026,2026064560,,55,Foreclosure; New this week,Hernando County Clerk / Property Appraiser,https://or.hernandoclerk.com/LandmarkWeb/Document/Index?id=3524210
,,,,,,,,FL,,Lis Pendens,LIS PENDENS,09/24/2026,2026064561,,55,Foreclosure; New this week,Hernando County Clerk / Property Appraiser,https://or.hernandoclerk.com/LandmarkWeb/Document/Index?id=3524211
,,,,,,,,FL,,Lis Pendens,LIS PENDENS,09/25/2026,2026064773,,55,Foreclosure; New this week,Hernando County Clerk / Property Appraiser,https://or.hernandoclerk.com/LandmarkWeb/Document/Index?id=3524420
,,,,,,,,FL,,Lis Pendens,LIS PENDENS,09/25/2026,2026064774,,55,Foreclosure; New this week,Hernando County Clerk / Property Appraiser,https://or.hernandoclerk.com/LandmarkWeb/Document/Index?id=3524421
,,,,,,,,FL,,Lis Pendens,LIS PENDENS,09/25/2026,2026064775,,55,Foreclosure; New this week,Hernando County Clerk / Property Appraiser,https://or.hernandoclerk.com/LandmarkWeb/Document/Index?id=3524422
,,,,,,,,FL,,Lis Pendens,LIS PENDENS,09/25/2026,2026064809,,55,Foreclosure; New this week,Hernando County Clerk / Property Appraiser,https://or.hernandoclerk.com/LandmarkWeb/Document/Index?id=3524490
,,,,,,,,FL,,Lis Pendens,LIS PENDENS,09/25/2026,2026064890,,55,Foreclosure; New this week,Hernando County Clerk / Property Appraiser,https://or.hernandoclerk.com/LandmarkWeb/Document/Index?id=3524695
,,,,,,,,FL,,Lis Pendens,LIS PENDENS,09/25/2026,2026064907,,55,Foreclosure; New this week,Hernando County Clerk / Property Appraiser,https://or.hernandoclerk.com/LandmarkWeb/Document/Index?id=3524719
,,,,,,,,FL,,Lis Pendens,LIS PENDENS,09/25/2026,2026064912,,55,Foreclosure; New this week,Hernando County Clerk / Property Appraiser,https://or.hernandoclerk.com/LandmarkWeb/Document/Index?id=3524726
Jerry Wayne,Branan,6360 ARIZONA ST,BROOKSVILLE,FL,34604-8479,6360 ARIZONA ST,BROOKSVILLE,FL,34604,Probate,PROBATE DOCUMENTSX,08/27/2026,2026057742,,45,Probate / estate,Hernando County Clerk / Property Appraiser,https://or.hernandoclerk.com/LandmarkWeb/Document/Index?id=3515987
Jerry Wayne,Branan,6360 ARIZONA ST,BROOKSVILLE,FL,34604-8479,6360 ARIZONA ST,BROOKSVILLE,FL,34604,Probate,PROBATE DOCUMENTSX,08/27/2026,2026057743,,45,Probate / estate,Hernando County Clerk / Property Appraiser,https://or.hernandoclerk.com/LandmarkWeb/Document/Index?id=3515988
Loretta Charlotte,Gendron,10639 KIM LN,HUDSON,FL,34669-2554,60 CHATFIELD DR,BROOKSVILLE,FL,34601,Probate,PROBATE DOCUMENTS1,08/27/2026,2026057751,,45,Probate / estate,Hernando County Clerk / Property Appraiser,https://or.hernandoclerk.com/LandmarkWeb/Document/Index?id=3515997
David Michael,Ferrier,14391 SANDHURST ST,BROOKSVILLE,FL,34613-5957,14391 SANDHURST ST,BROOKSVILLE,FL,34613,Probate,PROBATE DOCUMENTS1,08/27/2026,2026057846,,45,Probate / estate,Hernando County Clerk / Property Appraiser,https://or.hernandoclerk.com/LandmarkWeb/Document/Index?id=3514747
Richard,Manzano,27108 ROPER RD,BROOKSVILLE,FL,34602,27108 ROPER RD,BROOKSVILLE,FL,34602,Probate,PROBATE DOCUMENTSX,08/27/2026,2026057880,,45,Probate / estate,Hernando County Clerk / Property Appraiser,https://or.hernandoclerk.com/LandmarkWeb/Document/Index?id=3516177
Carolyn Patricia,Brooks,12276 VILLA RD,SPRING HILL,FL,34609-2068,12276 VILLA RD,SPRING HILL,FL,34609,Probate,PROBATE DOCUMENTSX,08/27/2026,2026057883,,45,Probate / estate,Hernando County Clerk / Property Appraiser,https://or.hernandoclerk.com/LandmarkWeb/Document/Index?id=3516180
Richard Alan,Hunt,1613 WASHINGTON ST,BLAIR,NE,68008-1655,0 MEDICINE STONE DR,WEBSTER,FL,33597,Probate,PROBATE DOCUMENTSX,08/27/2026,2026057885,,45,Probate / estate,Hernando County Clerk / Property Appraiser,https://or.hernandoclerk.com/LandmarkWeb/Document/Index?id=3516182
James H,Hayden,4034 CROAKER DR,SPRING HILL,FL,34607-3642,4034 CROAKER DR,HERNANDO BEACH,FL,34607,Probate,PROBATE DOCUMENTSX,08/27/2026,2026057890,,45,Probate / estate,Hernando County Clerk / Property Appraiser,https://or.hernandoclerk.com/LandmarkWeb/Document/Index?id=3516187
James H,Hayden,4034 CROAKER DR,SPRING HILL,FL,34607-3642,4034 CROAKER DR,HERNANDO BEACH,FL,34607,Probate,PROBATE DOCUMENTSX,08/27/2026,2026057893,,45,Probate / estate,Hernando County Clerk / Property Appraiser,https://or.hernandoclerk.com/LandmarkWeb/Document/Index?id=3516190
Donna Lee,Mcnulty,,,,,,,FL,,Probate,PROBATE DOCUMENTSX,08/27/2026,2026058013,,40,Probate / estate,Hernando County Clerk / Property Appraiser,https://or.hernandoclerk.com/LandmarkWeb/Document/Index?id=3516289
Kevin Richard,Kingsbury,10477 LIGHTWOOD ST,SPRING HILL,FL,34608-5129,10477 LIGHTWOOD ST,SPRING HILL,FL,34608,Probate,PROBATE DOCUMENTSX,08/31/2026,2026058552,,45,Probate / estate,Hernando County Clerk / Property Appraiser,https://or.hernandoclerk.com/LandmarkWeb/Document/Index?id=3517017
Clarice R,Rose,,,,,,,FL,,Probate,PROBATE DOCUMENTSX,08/31/2026,2026058555,,40,Probate / estate,Hernando County Clerk / Property Appraiser,https://or.hernandoclerk.com/LandmarkWeb/Document/Index?id=3517020
James Daniel,Miles,6071 HILLCREST PL,DUBLIN,VA,24084-2047,0 WILLOUGHBY DR,WEBSTER,FL,33597,Probate,PROBATE DOCUMENTSX,08/31/2026,2026058565,,45,Probate / estate,Hernando County Clerk / Property Appraiser,https://or.hernandoclerk.com/LandmarkWeb/Document/Index?id=3517030
Joseph,Bovenzi,1336 STALLINGS AVE,SPRING HILL,FL,34609-5554,1336 STALLINGS AVE,SPRING HILL,FL,34609,Probate,PROBATE DOCUMENTSX,08/31/2026,2026058688,,45,Probate / estate,Hernando County Clerk / Property Appraiser,https://or.hernandoclerk.com/LandmarkWeb/Document/Index?id=3517181
Joseph,Bovenzi,1336 STALLINGS AVE,SPRING HILL,FL,34609-5554,1336 STALLINGS AVE,SPRING HILL,FL,34609,Probate,PROBATE DOCUMENTSX,08/31/2026,2026058690,,45,Probate / estate,Hernando County Clerk / Property Appraiser,https://or.hernandoclerk.com/LandmarkWeb/Document/Index?id=3517183
Mary Louise,Moshier,,,,,,,FL,,Probate,PROBATE DOCUMENTSX,08/31/2026,2026058813,,40,Probate / estate,Hernando County Clerk / Property Appraiser,https://or.hernandoclerk.com/LandmarkWeb/Document/Index?id=3517383
Karol Lynn,Epple,2708 VARSITY PL,TAMPA,FL,33612-4737,0 SHASTA ST,WEBSTER,FL,33597,Probate,PROBATE DOCUMENTS1,09/03/2026,2026059607,,45,Probate / estate,Hernando County Clerk / Property Appraiser,https://or.hernandoclerk.com/LandmarkWeb/Document/Index?id=3518446
Archie B,Carter,8323 EVERGREEN AVE,BROOKSVILLE,FL,34613-4713,8323 EVERGREEN AVE,BROOKSVILLE,FL,34613,Probate,PROBATE DOCUMENTS1,09/03/2026,2026059699,,45,Probate / estate,Hernando County Clerk / Property Appraiser,https://or.hernandoclerk.com/LandmarkWeb/Document/Index?id=3516594
George C Iii,Williamson,6374 LOST TREE LN,SPRING HILL,FL,34606-3330,6374 LOST TREE LN,SPRING HILL,FL,34606,Probate,PROBATE DOCUMENTS1,09/08/2026,2026060112,,45,Probate / estate,Hernando County Clerk / Property Appraiser,https://or.hernandoclerk.com/LandmarkWeb/Document/Index?id=3517416
Andrew Vincent,Leonard,3100 APPLEBLOSSOM TRL,SPRING HILL,FL,34606-3157,3100 APPLEBLOSSOM TRL,SPRING HILL,FL,34606,Probate,PROBATE DOCUMENTSX,09/09/2026,2026060344,,45,Probate / estate,Hernando County Clerk / Property Appraiser,https://or.hernandoclerk.com/LandmarkWeb/Document/Index?id=3519443
Carol Ann Torteson,Ebert,1384 HAULOVER AVE,SPRING HILL,FL,34608,1384 HAULOVER AVE,SPRING HILL,FL,34608,Probate,PROBATE DOCUMENTSX,09/09/2026,2026060349,,45,Probate / estate,Hernando County Clerk / Property Appraiser,https://or.hernandoclerk.com/LandmarkWeb/Document/Index?id=3519448
William J,Evans,8060 GREENBRIER CT,SPRING HILL,FL,34606-5218,8060 GREENBRIER CT,SPRING HILL,FL,34606,Probate,PROBATE DOCUMENTSX,09/09/2026,2026060452,,45,Probate / estate,Hernando County Clerk / Property Appraiser,https://or.hernandoclerk.com/LandmarkWeb/Document/Index?id=3519593
Barbara,Detoro,29846 FEDORA CIR,BROOKSVILLE,FL,34602-4509,29846 FEDORA CIR,BROOKSVILLE,FL,34602,Probate,PROBATE DOCUMENTSX,09/09/2026,2026060487,,45,Probate / estate,Hernando County Clerk / Property Appraiser,https://or.hernandoclerk.com/LandmarkWeb/Document/Index?id=3519604
Jack Alan,Bittrolff,10202 HOOVER ST,SPRING HILL,FL,34608-7137,10202 HOOVER ST,SPRING HILL,FL,34608,Probate,PROBATE DOCUMENTSX,09/09/2026,2026060646,,45,Probate / estate,Hernando County Clerk / Property Appraiser,https://or.hernandoclerk.com/LandmarkWeb/Document/Index?id=3519730
Jack Alan,Bittrolff,10202 HOOVER ST,SPRING HILL,FL,34608-7137,10202 HOOVER ST,SPRING HILL,FL,34608,Probate,PROBATE DOCUMENTSX,09/09/2026,2026060648,,45,Probate / estate,Hernando County Clerk / Property Appraiser,https://or.hernandoclerk.com/LandmarkWeb/Document/Index?id=3519732
Humberto Paulo,Rodriguez,,,,,,,FL,,Probate,PROBATE DOCUMENTSX,09/09/2026,2026060653,,40,Probate / estate,Hernando County Clerk / Property Appraiser,https://or.hernandoclerk.com/LandmarkWeb/Document/Index?id=3519740
Mary J,Chiarella,3249 BLUESTONE AVE,SPRING HILL,FL,34609-2906,3249 BLUESTONE AVE,SPRING HILL,FL,34609,Probate,PROBATE DOCUMENTSX,09/09/2026,2026060656,,45,Probate / estate,Hernando County Clerk / Property Appraiser,https://or.hernandoclerk.com/LandmarkWeb/Document/Index?id=3519743
Marion E,Keenan,2412 ROLLING VIEW DR,SPRING HILL,FL,34606-7235,2412 ROLLING VIEW DR,SPRING HILL,FL,34606,Probate,PROBATE DOCUMENTSX,09/09/2026,2026060664,,45,Probate / estate,Hernando County Clerk / Property Appraiser,https://or.hernandoclerk.com/LandmarkWeb/Document/Index?id=3519764
Timothy Guy,Dawson,1290 MALONE AVE,SPRING HILL,FL,34606-4313,1294 MALONE AVE,SPRING HILL,FL,34606,Probate,PROBATE DOCUMENTS1,09/11/2026,2026061396,,45,Probate / estate,Hernando County Clerk / Property Appraiser,https://or.hernandoclerk.com/LandmarkWeb/Document/Index?id=3518892
William J,Evans,8060 GREENBRIER CT,SPRING HILL,FL,34606-5218,8060 GREENBRIER CT,SPRING HILL,FL,34606,Probate,PROBATE DOCUMENTS1,09/11/2026,2026061757,,45,Probate / estate,Hernando County Clerk / Property Appraiser,https://or.hernandoclerk.com/LandmarkWeb/Document/Index?id=3519464
